[
    {
        "id": 1,
        "name": "Duman",
        "city": "Istanbul",
        "description": "Duman is a Turkish rock band. Founded in 1999, the band features Kaan Tangöze on vocals and guitar, Ari Barokas on bass guitar and backing vocals, Batuhan Mutlugil on lead guitar and backing vocals and Cengiz Baysal on drums. Cengiz Baysal left the group in November 2016, and the new drummer is Mehmet Demirdelen.The band's music combines elements of traditional Turkish folk music with modern rock and grunge.",
        "albums": "Eski Köprünün Altında (1999)  ,      Belki Alışman Lazım (2002)  ,      Konser (2003)    ,    Bu Akşam Konser DVD (2004)     ,   Seni Kendime Sakladım (2005)  ,      En Güzel Günüm Gecem 1999-2006 (2007)   ,     Rock'N Coke Konseri (2008)     ,   Duman I & II (2009)    ,    Canlı (2011)      ,  Darmaduman (2013)",
        "years": 22,
        "latitude":41.015137,
        "longtitude":28.979530,
        "heroPicture": "duman",
        "pictures": ["photo2"],
        "advisory": "The traditional turkish music integrated with Grunge."
    },
    {
        "id": 2,
        "name": "Çilekeş",
        "city": "Istanbul",
        "description": "Çilekeş (pronounced Chilehkesh) was founded in 2002 in Ankara. The band received greater fame after winning the music contest Genç Yetenekler Aramızda (Young Talents Among Us), sponsored by the Fanta drinks company, in 2003, juried by such famous Turkish artists like Teoman and Levent Yüksel. After the contest, still as an amateur band, they were invited to a tour, comprising 17 cities, during which they performed to an approximate total of 350,000 audience.  The band members are Görkem Karabudak (vocal, guitar), Ali Güçlü Şimşek (electric guitar), Gökhan Şahinkaya (bass guitar), Cumhur Avcil (drums).The band's first album, entitled Y.O.K. was released by On-air in 2005. They released their second work entitled Katil Dans in 2008. At 2010, they released their third album Histeri Çalışmaları which is available for download at their official web page.",
        "albums": "Y.O.K (2005) , Katil Dans (2008), Histeri Çalışmaları(2010)",
        "years": 19,
        "latitude":41.015137,
        "longtitude":28.979530,
        "heroPicture": "cilekes",
        "pictures": ["photo3"],
        "advisory": "Histeric Rock in Turkish."
    },
    {
        "id": 3,
        "name": "Büyük Ev Ablukada",
        "country": "Eskişehir",
        "description": "Büyük Ev Ablukada is a Turkish music group founded in Istanbul in 2008. The band was started by Cem Yılmazer (a.k.a. Afordisman Salihins) and Bartu Küçükçağlayan (a.k.a. Canavar Banavar.) After some time the band turned into an electrical version, which is described by Full Faça. Büyük Ev Ablukada became well-known in a very short time with the help of their own songs and special concerts. The group members use aliases instead of their own names and some of the original names of the members are still unknown. They first released a concert record named Ay Şuram Ağrıyo and an album named Olmadı Kaçarız, and then on 21 December 2012, they released their debut album Full Faça, which was issued in both CD and vinyl by their own record company, Olmadı Kaçarız.",
        "albums": "Full Faça , Ay Şuram Hala Ağrıyo Fırtınayt, Mutsuz Parti",
        "years": 11,
        "latitude":39.766706,
        "longtitude":30.525631,
        "heroPicture": "buyuk-ev",
        "pictures": ["photo3"],
        "advisory": "The real independent theme called Unhappy Party."
    },
    {
        "id": 4,
        "name": "Mor ve Ötesi",
        "city": "Istanbul",
        "description": "Mor ve ötesi (literally Purple and Beyond; a play on the word morötesi, meaning ultraviolet) is a Turkish alternative rock band from Istanbul. Its four current members are Harun Tekin (vocals and rhythm guitar), Kerem Kabadayı (drums), Burak Güven (bass) and Kerem Özyeğen (lead guitar). Former members include Alper Tekin (no relation to Harun) and Derin Esmer. The band achieved mainstream success with the release of the album Dünya Yalan Söylüyor. In 2008, the band represented Turkey in the Eurovision Song Contest in Belgrade with the song Deli. A main attraction in the Turkish music scene, mor ve ötesi followed a very rough path and had their breakthrough with their fourth album “Dünya Yalan Söylüyor” in 2004. The album sold over 300.000 copies and changed the way rock was perceived by the Turkish music industry. The hundreds of live performances they’ve had include several tours in Europe and the US. The band celebrated their 20th anniversary in 2016 with two special CD box-sets containing all of their published work. An inspiration to many bands and the voice of a generation, mor ve ötesi is a top-notch band defining the direction that Turkish rock is headed in.",
        "albums": "Şehir (1996)  ,      Bırak Zaman Aksın (1999)   ,     Gül Kendine (2001)  ,      Dünya Yalan Söylüyor (2004)    ,    Büyük Düşler (2006)     ,   Başıbozuk (2008)  ,      Masumiyetin Ziyan Olmaz (2010),        Güneşi Beklerken (2012)",
        "years": 24,
        "latitude":41.015137,
        "longtitude":28.979530,
        "heroPicture": "mvo",
        "pictures": ["photo4"],
        "advisory": "The realistic essance on Turkish Rock."
    },
    {
        "id": 5,
        "name": "Manga",
        "city": "Ankara",
        "description": "Manga (also stylized as maNga) is a Turkish rock band whose music is mainly a fusion of Anatolian melodies with electronic elements. In 2009, they won both the Best Turkish Act award from MTV Turkey and consequently the Best European Act award from MTV Networks Europe in MTV Europe Music Awards 2009. They represented Turkey at the Eurovision Song Contest 2010 with the song We Could Be the Same and took second place.",
        "albums": "maNga (2004), Şehr-i Hüzün (2009), e-akustik (2012), Işıkları Söndürseler Bile(2014)",
        "years": 17,
        "latitude":37.000000,
        "longtitude":35.321335,
        "heroPicture": "manga",
        "pictures": ["photo5"],
        "advisory": ""
    },
    {
        "id": 6,
        "name": "Son Feci Bisiklet",
        "city": "Ankara",
        "description": "Son Feci Bisiklet is a Turkish alternative rock band founded in Ankara in 2011, by Arda Kemirgent (vocal, guitar) and Can Sürmen (drums). Kemirgent and Sürmen recorded the band's first six songs as a duo, and released them as the Son Feci EP. Later, Efe Güner (bass guitar) and Erkin Sağsen (guitar) joined the band, and they played their first concert in Ankara. In the same period, they got to the last ten in the second “Be the Band” competition, sponsored by Babajim Istanbul Studios, as well as reaching the finals in the Roxy Music Awards. In 2012, Ozan Özgül replaced Efe Güner as their bass guitarist, and the band released four new singles.
        "albums": "Son Feci EP (2014), Vesaire (2015),Kötü Şeyler (2017), Sistemik (2020) ",
        "years": 7,
        "latitude":39.925533,
        "longtitude":32.866287,
        "heroPicture": "son-feci",
        "advisory": ""
    },
    {
        "id": 7,
        "name": "Gece",
        "city": "Ankara",
        "description": "Can Baydar and Eren Çilalioğlu had been playing together since their high school days and they joined with Gökçe Balaban to form the band Gece in 2000. Their lineup was completed when Erdem Başer joined them in 2004. Gece began playing in various bars in Ankara such as Saklıkent, Limon, Manhattan and If. as well as universities and schools. In 2005 they reached the final of the Roxy Music Days contest. In 2008, they went into the studio and recorded their first album İçinde Saklı which was produced by Koray Candemir. The band continued performing and made appearances in festivals such as Masstival and Rock'n Coke. In 2010 they signed with Sony Music and released the song Gamsız as a single. After two months, they released their second album (a self-titled album) and the song Ben Öldüm on it as a video clip.",
        "albums": "İçinde Saklı (2008)        Gamsız (2010) - single         Gece (2011) - second studio album         İyi Niyetli Bir Gün (2014) - third studio album         Kalbe Kördüğüm (2016) - fourth studio album         Gamsız (Single, 2010)         Başıma Gelenler (featured by Nilüfer, 2013)         Yıldızlar Buradan Yükseliyor (single, 2013)        Yanımda Kal (Single, 2013)",
        "years": 21,
        "latitude":39.925533,
        "longtitude":32.866287,
        "heroPicture": "gece",
        "advisory": "A fantastic career in Music"
    },
    {
        "id": 8,
        "name": "Yüzyüzeyken Konuşuruz",
        "city": "Ankara",
        "description": "Yüzyüzeyken Konuşuruz is a Turkish independent alternative rock band founded in May 2011 in Ankara by Engin Sevik and Kaan Boşnak.On April 7, 2019, they performed their biggest 5000-person concert at Bostancı Show Center. They published the preparation stages of this concert as a documentary. Their singles, Kazılı Kuyum, published on January 10, 2020, recorded at Red Bull Music Studios in New York.The records of Kazılı Kuyum, recorded as an amateur, were released on January 24.",
        "albums": "Evdekilere Selam (2013)        Otoban Sıcağı (2014)       Akustik Travma (2018)",
        "years": 10,
        "latitude":39.925533,
        "longtitude":32.866287,
        "heroPicture": "yuzyuzeyken",
        "advisory": "the real indie rock"
    },
    
    {
        "id": 9,
        "name": "BABA",
        "city": "Istanbul",
        "description": "Baba is a Turkish Rock Band founded in 2017 in Beyoğlu,Istanbul; consists Merter Selçuk (Vocals) ,Baran Özden (Guitars),Arda Çortancıoğlu (Bass Guitar) & Alp Özallı(Drums).",
        "albums": "Yalana Kefil (2017), Kendime Yakın (2018) Dominolar - Single (2019)"
        "years": 4,
        "latitude":41.015137,
        "longtitude":28.979530,
        "heroPicture": "baba",
        "advisory": "The unstable rock essances that makes it energetic and dramatic"
    },
    
    
    
    
]
