[
	{
		"text": "Who to Listen",
        "children": [
            {
                "text": "There are informations about bands and gernes differates in Turkish Rock in the main page."
            }
        ]
	},
	{
		"text": "Are they active",
        "children": [
            {
                "text": "Yes, the all bands in the Bandpedia are actively touring. But due to COVID-19 there can be some delayed shows.
            }
        ]
	},
	{
		"text": "Where to listen",
        "children": [
            {
                "text": "These future is upcoming. But for now you can listen them on Spotify."
            }
        ]
	},
	
	
	
	{
		"text": "About this app",
        "children": [
            {
                "text": "This app was made by Alp Ozallı who wants to be a developer."
            }
        ]
	}
]
